zs_2033_v2a,
zs_3rdstreet_remake,
zs_abandonedmallhd_v5e,
zs_abandoned_metro_v3,
zs_abandon_factory_opt_v3,
zs_adapteco_v2,
zs_adrift_v4,
zs_abyssal2_v1b,
zs_accident_v5fix,
zs_abscond_v2,
zs_abandoned_mines_v1c,
zs_abandonedlab_v4,
zs_arbeit_communications_2_u4,
zs_arbeit_communications_u1,
zs_abandoned_mall_v13,
zs_asylum_v7a,
zs_aeiou_v1a,
zs_arboretum_v1,
zs_apoc9_v2a,
zs_asia_v2,
zs_apartment_lane_v1a,
zs_arctic_outpost_v6ta,
zs_afterparty,
zs_apex_v3,
zs_belyy_v3a,
zs_blitzkrieg_v13a,
zs_bradbury_v2_fixed,
zs_bog_v1,
zs_bar_v7,
zs_belmont_v3,
zs_buriedsociety_otr_v1d,
zs_block_13_v3,
zs_biggun_v2,
zs_balls_v3,
zs_casualties_v6,
zs_cabin_dfr_v5d,
zs_construction_v2_fixed,
zs_contaminated_rm_fix_v2,
zs_concrete_b1,
zs_concentration_camp_v8,
zs_coldwar,
zs_countryside_b2rm,
zs_checkpoint_v9,
zs_closure_v2,
zs_c17_beta_v1f,
zs_christmas_factory_v1sr,
zs_cursed_labaratory_v3f,
zs_cabin_v7,
zs_company_r2,
zs_confined_v1,
zs_cursed_woods_v2,
zs_chaste_part3_v1,
zs_church_siege_redux_v4a,
zs_cape_hope,
zs_constriction_r3f,
zs_cliffside_retreat_christmas,
zs_chernobyl_disaster_v2,
zs_compound,
zs_cold_forest_v3a,
zs_cyanide_vixed1,
zs_cavecomplex_v2,
zs_canals_v1,
zs_cube_tower_v3,
zs_dark_way_v3b,
zs_darkvilla_v3,
zs_darkside_v2,
zs_dark_catacombs_v2,
zs_deadblock_2018,
zs_dezecrated,
zs_departure,
zs_deepfreeze_v8,
zs_dl_manor_v4,
zs_doomsday_v4b_rm2,
zs_draynor_a2,
zs_deviations_s1a,
zs_dl_cerulean_b3,
zs_deep_sewers_v3e,
zs_diner_v4b1,
zs_downstream_t1,
zs_daiquiri_v1,
zs_decommissioned_1c,
zs_darktown_v5a,
zs_death_under_v3,
zs_duskwood_v1,
zs_darkerhouse,
zs_dam_v2,
zs_dockhouse,
zs_dropoff_v3,
zs_dsb_computer_solutions_v4,
zs_distant_v4,
zs_desert_night_v1bp,
zs_detroit_skylines_v3c,
zs_devastation,
zs_desert_hideout_v11,
zs_erebus_am,
zs_eerie_warehouse_revamp_v1a,
zs_excess_v2,
